Date,Open,High,Low,Close,Volume,SMA150,DonchianLow15,ATR14,StopLoss,MA30,DonchianHigh20,DonchianHigh20_prev,BuyCall,EntryPrice,StopLoss_Entry
2023-11-01,378.61,416.42,376.61,411.88,22439980,,,,,,,,0,,
2023-11-02,421.45,431.81,401.92,405.46,4315489,,,,,,,,0,,
2023-11-03,408.3,411.68,384.63,388.42,1466942,,,,,,,,0,,
2023-11-06,370.64,392.31,356.04,381.1,2137882,,,,,,,,0,,
2023-11-07,380.6,385.83,374.87,380.3,657524,,,,,,,,0,,
2023-11-08,383.59,407.3,383.59,403.81,1164406,,,,,,,,0,,
2023-11-09,405.01,418.36,399.58,402.57,945054,,,,,,,,0,,
2023-11-10,397.54,401.22,375.27,386.33,666783,,,,,,,,0,,
2023-11-13,401.52,413.48,396.59,398.78,502996,,,,,,,,0,,
2023-11-15,402.27,405.41,389.91,391.11,444278,,,,,,,,0,,
2023-11-16,393.55,394.55,382.59,387.72,817395,,,,,,,,0,,
2023-11-17,389.57,392.55,377.61,380.05,374541,,,,,,,,0,,
2023-11-20,379.6,396.54,379.6,391.76,518920,,,,,,,,0,,
2023-11-21,392.5,399.73,382.59,388.22,446158,,,27.79,,,,,0,,
2023-11-22,388.57,390.56,380.9,383.94,208898,,356.04,26.49,348.66,,,,0,,
2023-11-23,384.33,384.58,377.91,382.29,236856,,356.04,25.08,348.54,,,,0,,
2023-11-24,380.6,382.89,368.69,372.93,375797,,356.04,24.3,343.02,,,,0,,
2023-11-28,374.62,376.31,357.28,363.41,450131,,356.04,23.92,337.13,,,,0,,
2023-11-29,365.55,370.64,360.92,363.11,478518,,357.28,22.91,338.03,,,,0,,
2023-11-30,364.66,365.45,354.2,358.78,369766,,354.2,22.08,334.76,,431.81,,0,,
2023-12-01,360.87,362.66,343.49,345.68,736101,,343.49,21.87,322.88,,431.81,431.81,0,,
2023-12-04,349.26,356.69,331.68,354.1,977080,,331.68,22.09,324.23,,418.36,431.81,0,,
2023-12-05,354.1,368.59,354.1,358.93,503045,,331.68,21.55,327.7,,418.36,418.36,0,,
2023-12-06,359.23,361.57,344.78,347.22,349922,,331.68,21.21,320.38,,418.36,418.36,0,,
2023-12-07,347.37,351.16,340.0,348.77,251113,,331.68,20.49,321.85,,418.36,418.36,0,,
2023-12-08,350.61,352.15,334.77,338.2,907573,,331.68,20.27,315.19,,418.36,418.36,0,,
2023-12-11,340.05,340.2,329.74,331.53,248256,,329.74,19.57,310.7,,413.48,418.36,0,,
2023-12-12,331.78,337.76,318.33,320.92,515490,,318.33,19.56,300.06,,413.48,413.48,0,,
2023-12-13,318.83,347.42,318.83,341.94,2174828,,318.33,20.2,313.19,,405.41,413.48,0,,
2023-12-14,344.73,351.71,330.68,332.58,1234411,,318.33,20.26,307.12,371.39,399.73,405.41,0,,
2023-12-15,333.77,349.66,331.38,345.93,867123,,318.33,20.12,315.82,369.2,399.73,399.73,0,,
2023-12-18,347.22,357.48,343.78,351.21,510338,,318.33,19.66,319.53,367.39,399.73,399.73,0,,
2023-12-19,353.7,372.08,350.86,360.67,1235687,,318.33,19.77,325.56,366.46,399.73,399.73,0,,
2023-12-20,362.57,370.59,346.97,353.25,622099,,318.33,20.05,320.59,365.53,390.56,399.73,0,,
2023-12-21,354.69,359.28,345.78,357.33,334004,,318.33,19.58,323.53,364.77,384.58,390.56,0,,
2023-12-22,359.68,366.65,353.25,359.97,469041,,318.33,19.14,325.53,363.31,382.89,384.58,0,,
2023-12-26,356.89,374.62,356.89,368.29,464401,,318.33,19.04,330.96,362.16,376.31,382.89,0,,
2023-12-27,371.08,375.57,358.98,369.69,343578,,318.33,18.86,331.98,361.61,375.57,376.31,0,,
2023-12-28,370.09,371.63,359.68,367.6,321445,,318.33,18.37,330.97,360.57,375.57,375.57,0,,
2023-12-29,367.65,371.63,363.96,366.75,315761,,318.33,17.61,330.93,359.76,375.57,375.57,0,,
2024-01-01,368.64,373.43,363.21,366.85,235647,,318.33,17.08,331.34,359.06,375.57,375.57,0,,
2024-01-02,367.65,384.63,363.71,377.61,698090,,318.33,17.35,338.1,358.98,384.63,375.57,1,377.61,338.1
2024-01-03,379.6,382.39,371.63,372.33,169192,,318.83,16.88,335.17,358.33,384.63,384.63,0,,
2024-01-04,378.61,390.56,374.27,382.99,585023,,330.68,16.98,345.94,358.16,390.56,384.63,0,,
2024-01-05,383.54,386.58,371.38,375.77,381206,,331.38,16.85,341.6,357.89,390.56,390.56,0,,
2024-01-08,385.38,410.39,385.28,401.77,1538113,,343.78,18.12,361.65,358.54,410.39,390.56,1,401.77,361.65
2024-01-09,402.37,404.46,390.56,395.69,559441,,345.78,17.82,358.6,359.3,410.39,410.39,0,,
2024-01-10,394.35,395.19,380.6,389.12,426551,,345.78,17.62,354.49,360.15,410.39,410.39,0,,
2024-01-11,393.5,398.53,383.64,384.73,190808,,345.78,17.43,351.79,360.87,410.39,410.39,0,,
2024-01-12,386.58,391.56,374.27,376.61,261050,,353.25,17.42,349.05,361.47,410.39,410.39,0,,
2024-01-15,376.61,376.61,376.61,376.61,0,,356.89,16.17,351.09,362.5,410.39,410.39,0,,
2024-01-16,363.61,377.06,358.83,369.04,477879,,358.83,16.32,346.76,363.0,410.39,410.39,0,,
2024-01-17,366.05,368.24,360.67,362.22,156948,,358.83,15.75,342.74,363.11,410.39,410.39,0,,
2024-01-18,367.25,373.72,349.71,368.24,270844,,349.71,16.34,343.19,363.81,410.39,410.39,0,,
2024-01-19,368.64,378.41,368.64,372.88,191425,,349.71,15.9,346.48,364.61,410.39,410.39,0,,
2024-01-23,372.63,372.63,349.71,351.95,183085,,349.71,16.42,332.63,365.07,410.39,410.39,0,,
2024-01-24,351.95,357.38,348.97,356.64,170039,,348.97,15.85,335.79,365.91,410.39,410.39,0,,
2024-01-25,356.64,360.72,352.35,358.43,123056,,348.97,15.31,337.3,367.16,410.39,410.39,0,,
2024-01-29,359.53,383.59,355.74,379.55,398690,,348.97,16.21,350.33,368.41,410.39,410.39,0,,
2024-01-30,376.26,382.59,364.21,366.05,200838,,348.97,16.37,341.52,369.53,410.39,410.39,0,,
2024-01-31,366.65,366.65,350.66,352.85,402971,,348.97,16.34,333.02,369.76,410.39,410.39,0,,
2024-02-01,352.85,356.84,344.83,346.18,506507,,344.83,16.03,327.54,369.59,410.39,410.39,0,,
2024-02-02,349.21,351.11,332.03,333.67,401226,,332.03,16.25,315.06,368.69,410.39,410.39,0,,
2024-02-05,336.41,336.41,324.9,329.14,440050,,324.9,15.91,309.99,367.89,410.39,410.39,0,,
2024-02-06,334.12,347.87,322.81,344.48,1240365,,322.81,16.56,318.75,367.46,410.39,410.39,0,,
2024-02-07,346.67,355.69,340.1,352.75,422369,,322.81,16.49,324.13,367.22,404.46,410.39,0,,
2024-02-08,353.7,358.38,346.08,352.7,224291,,322.81,16.19,324.3,366.7,398.53,404.46,0,,
2024-02-09,352.7,361.67,339.6,354.25,278057,,322.81,16.61,325.02,366.18,398.53,398.53,0,,
2024-02-12,354.25,360.52,338.2,342.79,118731,,322.81,17.02,317.36,365.35,391.56,398.53,0,,
2024-02-13,343.68,343.73,328.99,334.37,122404,,322.81,16.86,312.03,364.28,383.59,391.56,0,,
2024-02-14,342.54,342.54,330.83,338.85,51365,,322.81,16.49,315.17,363.34,383.59,383.59,0,,
2024-02-15,339.75,341.19,331.78,336.16,128255,,322.81,15.98,313.77,361.96,383.59,383.59,0,,
2024-02-16,341.09,341.64,332.77,340.05,169827,,322.81,15.48,316.62,360.88,383.59,383.59,0,,
2024-02-19,342.74,354.3,338.8,345.58,193324,,322.81,15.48,320.18,359.64,383.59,383.59,0,,
2024-02-20,342.79,355.39,342.79,352.35,174272,,322.81,15.27,324.69,358.86,383.59,383.59,0,,
2024-02-21,355.64,363.76,344.23,346.87,460870,,322.81,15.58,320.95,357.03,383.59,383.59,0,,
2024-02-22,347.72,350.61,341.74,348.47,264101,,322.81,15.1,322.3,355.45,383.59,383.59,0,,
2024-02-23,348.52,358.38,345.28,356.74,176890,,322.81,14.95,327.73,354.37,383.59,383.59,0,,
2024-02-26,362.37,362.96,352.85,361.32,212155,,322.81,14.61,330.92,353.59,382.59,383.59,0,,
2024-02-27,361.32,365.35,356.34,357.98,382297,,328.99,14.21,331.09,352.97,366.65,382.59,0,,
2024-02-28,358.68,360.67,346.13,348.67,145525,,328.99,14.23,325.07,352.04,365.35,366.65,0,,
2024-02-29,346.82,352.65,340.25,342.74,303429,,328.99,14.1,321.33,351.16,365.35,365.35,0,,
2024-03-01,339.45,348.77,339.25,345.53,142809,,328.99,13.77,323.35,350.61,365.35,365.35,0,,
2024-03-04,350.71,352.7,342.94,350.01,140136,,328.99,13.49,326.43,350.0,365.35,365.35,0,,
2024-03-05,351.71,351.71,342.74,345.53,57933,,330.83,13.16,324.37,349.09,365.35,365.35,0,,
2024-03-06,343.73,344.53,334.07,341.84,174352,,331.78,13.04,322.38,348.75,365.35,365.35,0,,
2024-03-07,345.63,358.68,340.35,351.06,182475,,332.77,13.42,328.41,348.57,365.35,365.35,0,,
2024-03-11,350.71,350.71,343.14,348.07,105407,,334.07,13.03,327.18,348.22,365.35,365.35,0,,
2024-03-12,347.97,349.76,334.07,341.79,121881,,334.07,13.22,323.0,346.96,365.35,365.35,0,,
2024-03-13,346.28,346.28,328.44,335.17,217089,,328.44,13.55,316.63,345.93,365.35,365.35,0,,
2024-03-14,333.52,345.68,331.68,342.64,158272,,328.44,13.58,321.43,345.59,365.35,365.35,0,,
2024-03-15,344.63,347.52,338.85,346.03,131807,,328.44,13.23,323.85,345.59,365.35,365.35,0,,
2024-03-18,346.08,366.05,343.04,360.52,253032,,328.44,13.93,332.73,346.48,366.05,365.35,0,,
2024-03-19,362.61,366.1,357.09,363.71,266943,,328.44,13.58,335.02,347.63,366.1,366.05,0,,
2024-03-20,368.54,370.59,354.2,362.61,147289,,328.44,13.78,334.18,348.24,370.59,366.1,0,,
2024-03-21,368.34,370.09,354.3,363.21,146598,,328.44,13.92,334.47,348.59,370.59,370.59,0,,
2024-03-22,365.7,369.64,360.67,368.34,143144,,328.44,13.57,338.01,349.11,370.59,370.59,0,,
2024-03-26,369.64,378.06,354.74,372.03,314696,,328.44,14.26,339.93,349.7,378.06,370.59,1,372.03,339.93
2024-03-27,372.03,376.61,362.86,373.18,282065,,328.44,14.23,340.7,350.71,378.06,378.06,0,,
2024-03-28,376.26,383.24,369.74,381.5,260324,,328.44,14.18,346.1,352.28,383.24,378.06,1,381.5,346.1
2024-04-01,385.48,396.54,382.79,389.96,268859,,328.44,14.24,351.51,353.99,396.54,383.24,0,,
2024-04-02,390.51,391.56,379.1,382.74,164997,,328.44,14.11,346.94,355.54,396.54,396.54,0,,
2024-04-03,382.74,388.37,377.41,383.94,148470,,328.44,13.89,347.86,357.0,396.54,396.54,0,,
2024-04-04,388.47,401.52,385.73,396.74,297295,,328.44,14.15,355.94,358.71,401.52,396.54,1,396.74,355.94
2024-04-05,406.5,416.96,395.59,412.23,605372,,331.68,14.67,366.67,360.71,416.96,401.52,0,,
2024-04-08,415.47,420.1,396.99,400.08,338666,,338.85,15.27,360.82,362.48,420.1,416.96,0,,
2024-04-09,403.27,404.46,386.13,389.37,201882,,343.04,15.49,355.17,363.84,420.1,420.1,0,,
2024-04-10,392.55,402.12,386.68,393.3,203897,,354.2,15.48,361.42,365.06,420.1,420.1,0,,
2024-04-12,392.55,403.51,388.37,390.36,272029,,354.2,15.46,359.54,366.03,420.1,420.1,0,,
2024-04-15,382.59,395.24,373.77,384.33,254663,,354.3,15.89,355.4,366.91,420.1,420.1,0,,
2024-04-16,386.38,397.98,382.64,388.92,176683,,354.74,15.85,358.53,368.25,420.1,420.1,0,,
2024-04-18,394.85,405.51,389.81,391.26,282856,,354.74,15.9,360.01,369.87,420.1,420.1,0,,
2024-04-19,387.92,395.1,383.84,390.81,159342,,362.86,15.57,362.65,371.38,420.1,420.1,0,,
2024-04-22,394.55,399.58,385.63,387.17,157894,,369.74,15.45,362.67,372.61,420.1,420.1,0,,
2024-04-23,388.62,393.45,373.57,375.37,289720,,373.57,15.77,356.12,373.61,420.1,420.1,0,,
2024-04-24,381.6,398.43,377.61,379.95,459227,,373.57,16.29,358.73,374.88,420.1,420.1,0,,
2024-04-25,384.48,390.56,380.6,390.31,79682,,373.57,15.89,365.68,376.19,420.1,420.1,0,,
2024-04-26,390.31,393.35,376.61,383.19,236306,,373.57,15.95,361.05,377.36,420.1,420.1,0,,
2024-04-29,384.58,392.95,379.1,388.72,106651,,373.57,15.8,364.72,378.92,420.1,420.1,0,,
2024-04-30,384.58,395.54,382.99,386.38,212832,,373.57,15.57,363.36,380.63,420.1,420.1,0,,
2024-05-02,382.14,391.51,377.61,378.81,224364,,373.57,15.45,358.56,381.84,420.1,420.1,0,,
2024-05-03,382.99,382.99,366.25,369.59,233817,,366.25,15.54,350.11,382.62,420.1,420.1,0,,
2024-05-06,370.83,382.84,365.16,379.65,227303,,365.16,15.69,356.13,383.26,420.1,420.1,0,,
2024-05-07,375.82,382.59,369.74,379.05,92607,,365.16,15.49,355.88,383.77,420.1,420.1,0,,
2024-05-08,380.6,380.6,372.68,377.71,82398,,365.16,14.95,355.38,384.27,420.1,420.1,0,,
2024-05-09,378.61,380.9,373.03,378.56,177572,,365.16,14.44,356.26,384.78,405.51,420.1,0,,
2024-05-10,378.56,380.2,370.59,378.76,122164,,365.16,14.1,356.62,385.13,405.51,405.51,0,,
2024-05-13,378.76,381.4,363.96,368.29,125480,,363.96,14.34,349.31,385.01,405.51,405.51,0,,
2024-05-14,377.01,377.01,368.19,371.73,39917,,363.96,13.94,351.79,384.96,405.51,405.51,0,,
2024-05-15,374.62,374.62,360.67,362.81,125336,,360.67,13.94,344.94,384.34,405.51,405.51,0,,
2024-05-16,364.76,368.04,360.52,363.01,59454,,360.52,13.48,345.33,383.44,405.51,405.51,0,,
2024-05-17,364.11,366.0,357.68,361.22,139138,,357.68,13.11,343.47,382.72,399.58,405.51,0,,
2024-05-21,370.64,372.83,361.87,371.53,92270,,357.68,13.01,350.19,382.31,399.58,399.58,0,,
2024-05-22,371.53,380.7,367.7,377.81,100805,,357.68,13.01,354.24,381.68,398.43,399.58,0,,
2024-05-23,377.81,384.58,374.12,377.06,81333,,357.68,12.83,353.88,380.5,398.43,398.43,0,,
2024-05-24,377.61,379.2,368.74,374.22,51874,,357.68,12.66,352.16,379.64,395.54,398.43,0,,
2024-05-27,363.66,379.5,363.61,377.91,172216,,357.68,12.89,354.39,379.26,395.54,395.54,0,,
2024-05-28,378.61,380.9,365.65,371.28,84882,,357.68,13.06,350.0,378.53,395.54,395.54,0,,
2024-05-29,371.28,375.62,364.51,373.92,66675,,357.68,12.92,351.79,377.98,395.54,395.54,0,,
2024-05-30,368.64,379.3,366.85,373.52,121031,,357.68,12.88,351.56,377.62,391.51,395.54,0,,
2024-05-31,379.6,383.59,373.52,380.9,112559,,357.68,12.68,356.45,377.35,384.58,391.51,0,,
2024-06-03,383.54,389.57,380.3,384.78,144755,,357.68,12.44,359.12,377.13,389.57,384.58,1,384.78,359.12
2024-06-04,387.57,387.57,346.32,356.09,110291,,346.32,14.5,335.45,375.98,389.57,389.57,0,,
2024-06-05,361.02,373.72,353.95,367.25,107028,,346.32,14.87,342.4,375.31,389.57,389.57,0,,
2024-06-06,367.65,376.02,363.51,371.43,72186,,346.32,14.7,345.21,375.18,389.57,389.57,0,,
2024-06-07,371.93,386.58,368.64,383.94,112702,,346.32,14.94,353.12,375.31,389.57,389.57,0,,
2024-06-10,389.91,389.91,381.6,383.84,80773,,346.32,14.46,353.38,375.1,389.91,389.57,0,,
2024-06-11,384.58,391.76,372.73,374.82,130127,,346.32,14.79,347.34,374.82,391.76,389.91,0,,
2024-06-12,380.6,396.74,375.77,383.74,194100,,346.32,15.3,352.75,374.65,396.74,391.76,0,,
2024-06-13,383.79,398.18,383.79,390.51,183268,368.45,346.32,15.24,357.16,374.79,398.18,396.74,0,,
2024-06-14,393.55,399.53,387.37,390.51,107989,368.31,346.32,15.02,357.31,375.18,399.53,398.18,0,,
2024-06-18,383.94,395.54,383.94,391.76,77485,368.22,346.32,14.77,358.28,375.92,399.53,399.53,0,,
2024-06-19,390.06,409.49,384.88,397.24,204892,368.28,346.32,15.48,361.34,376.51,409.49,399.53,0,,
2024-06-20,403.51,429.42,397.59,423.24,829156,368.56,346.32,16.67,377.32,377.98,429.42,409.49,1,423.24,377.32
2024-06-21,433.4,441.18,419.46,422.94,342633,368.84,346.32,17.03,376.88,379.49,441.18,429.42,0,,
2024-06-24,414.47,419.21,403.66,412.63,170691,368.9,346.32,17.19,370.13,380.62,441.18,441.18,0,,
2024-06-25,414.47,417.31,404.51,406.2,53404,368.93,346.32,16.88,366.19,381.54,441.18,441.18,0,,
2024-06-26,408.0,422.2,403.76,415.07,148171,369.12,353.95,16.99,374.38,383.1,441.18,441.18,0,,
2024-06-27,418.46,418.46,388.97,396.94,119955,369.11,363.51,17.88,365.28,383.94,441.18,441.18,0,,
2024-06-28,395.05,405.51,393.05,402.52,122408,369.18,368.64,17.49,370.84,385.26,441.18,441.18,0,,
2024-07-01,407.35,423.24,400.08,416.22,227622,369.37,372.73,17.9,380.77,387.03,441.18,441.18,0,,
2024-07-02,418.46,423.44,407.65,411.48,143170,369.58,372.73,17.75,377.82,388.71,441.18,441.18,0,,
2024-07-03,417.76,419.75,408.0,409.14,81151,369.7,375.77,17.32,377.61,389.96,441.18,441.18,0,,
2024-07-04,414.87,433.35,408.35,421.45,382529,369.92,383.79,17.87,387.85,391.42,441.18,441.18,0,,
2024-07-05,424.34,437.89,418.66,427.43,259304,370.21,383.94,17.97,391.7,393.1,441.18,441.18,0,,
2024-07-08,428.32,438.19,421.75,430.86,211263,370.53,383.94,17.86,393.98,394.99,441.18,441.18,0,,
2024-07-09,435.4,445.36,428.92,432.86,424129,370.93,384.88,17.76,395.65,396.82,445.36,441.18,0,,
2024-07-10,432.41,436.79,398.53,424.34,262855,371.34,388.97,19.22,390.54,398.59,445.36,445.36,0,,
2024-07-11,422.89,428.42,415.47,418.06,264923,371.71,388.97,18.77,386.79,400.06,445.36,445.36,0,,
2024-07-12,421.25,425.83,418.46,422.79,135529,372.13,388.97,17.99,390.37,401.7,445.36,445.36,0,,
2024-07-15,423.44,428.37,410.49,416.42,212135,372.6,388.97,17.98,386.26,402.88,445.36,445.36,0,,
2024-07-16,414.47,422.15,414.22,415.42,114213,373.01,388.97,17.26,386.1,403.9,445.36,445.36,0,,
2024-07-18,411.24,415.37,407.3,411.34,102228,373.36,388.97,16.61,383.9,405.75,445.36,445.36,0,,
2024-07-19,410.24,413.63,401.67,404.96,113296,373.75,393.05,16.28,381.37,407.0,445.36,445.36,0,,
2024-07-22,413.48,425.04,399.58,416.42,178700,374.2,398.53,16.93,390.15,408.5,445.36,445.36,0,,
2024-07-23,422.44,453.33,401.92,438.09,1163628,374.86,398.53,19.39,402.48,410.31,453.33,445.36,0,,
2024-07-24,436.44,466.23,434.25,438.78,950425,375.58,398.53,20.29,402.33,412.14,466.23,453.33,0,,
2024-07-25,433.5,458.31,431.81,444.76,561651,376.41,398.53,20.74,405.89,414.47,466.23,466.23,0,,
2024-07-26,444.76,456.32,441.62,444.76,226245,377.09,398.53,20.31,406.18,416.5,466.23,466.23,0,,
2024-07-29,444.11,452.04,439.88,442.92,246833,377.83,398.53,19.72,405.38,418.25,466.23,466.23,0,,
2024-07-30,442.92,468.28,441.72,453.68,677167,378.54,398.53,20.21,411.99,420.36,468.28,466.23,0,,
2024-07-31,456.87,478.24,451.24,471.56,501685,379.35,398.53,20.7,423.2,423.02,478.24,468.28,1,471.56,423.2
2024-08-01,476.69,513.11,467.28,497.27,848731,380.26,399.58,22.49,438.94,426.35,513.11,478.24,0,,
2024-08-02,493.08,516.1,481.73,505.59,681526,381.27,399.58,23.34,443.74,429.1,516.1,513.11,0,,
2024-08-05,498.07,528.06,486.21,516.75,1060942,382.34,399.58,24.66,450.06,432.22,528.06,516.1,1,516.75,450.06
2024-08-06,523.07,536.52,465.09,468.52,1476170,383.06,399.58,28.0,416.72,434.09,536.52,528.06,0,,
2024-08-07,467.78,508.03,451.49,499.51,1095543,383.93,399.58,30.04,435.35,437.2,536.52,536.52,0,,
2024-08-08,503.15,503.15,478.04,483.47,435474,384.69,399.58,29.69,425.24,439.48,536.52,536.52,0,,
2024-08-09,487.7,490.79,470.27,473.91,244235,385.4,399.58,29.03,419.51,442.04,536.52,536.52,0,,
2024-08-12,466.28,494.13,464.99,481.33,223711,386.17,401.92,29.04,425.07,444.67,536.52,536.52,0,,
2024-08-13,481.08,490.89,459.31,461.55,248409,386.8,431.81,29.22,422.15,446.18,536.52,536.52,0,,
2024-08-14,464.09,465.34,453.53,459.11,102996,387.34,431.81,27.98,421.41,447.77,536.52,536.52,0,,
2024-08-16,460.11,463.99,453.18,458.91,205142,387.92,439.88,26.75,424.79,449.43,536.52,536.52,0,,
2024-08-19,458.31,469.27,458.31,466.98,118789,388.48,439.88,25.62,430.75,450.94,536.52,536.52,0,,
2024-08-20,472.76,480.83,463.19,468.62,203409,389.1,441.72,25.05,432.8,452.32,536.52,536.52,0,,
2024-08-21,466.78,479.24,466.78,477.39,130131,389.6,451.24,24.16,442.23,453.87,536.52,536.52,0,,
2024-08-22,483.17,483.22,468.48,473.91,201406,390.12,451.49,23.48,440.51,455.24,536.52,536.52,0,,
2024-08-23,476.6,482.32,468.28,471.12,111198,390.67,451.49,22.81,439.16,456.8,536.52,536.52,0,,
2024-08-26,472.11,483.47,472.11,479.29,219039,391.3,451.49,22.06,444.93,458.84,536.52,536.52,0,,
2024-08-27,478.24,502.65,478.24,497.02,533532,392.1,451.49,22.23,456.26,461.31,536.52,536.52,0,,
2024-08-28,499.81,501.15,484.22,486.11,106956,392.83,451.49,21.85,449.47,463.64,536.52,536.52,0,,
2024-08-29,491.09,493.08,479.24,483.77,94199,393.6,453.18,21.28,448.91,465.91,536.52,536.52,0,,
2024-08-30,485.21,494.58,473.26,487.06,121233,394.43,453.18,21.28,451.03,468.44,536.52,536.52,0,,
2024-09-02,491.19,491.19,458.81,463.14,294059,395.06,453.18,22.07,435.07,470.38,536.52,536.52,0,,
2024-09-03,477.54,479.38,464.24,473.86,146674,395.73,453.18,21.66,442.26,472.29,536.52,536.52,0,,
2024-09-04,468.28,477.19,464.34,471.61,113500,396.53,453.18,21.03,441.23,473.41,508.03,536.52,0,,
2024-09-05,475.75,487.7,473.01,476.94,168998,397.33,453.18,20.68,444.9,474.68,503.15,508.03,0,,
2024-09-06,480.93,514.8,476.25,507.58,698471,398.33,458.31,21.95,465.52,476.77,514.8,503.15,1,507.58,465.52
2024-09-09,514.26,533.04,509.32,520.88,505523,399.27,458.81,22.2,474.1,479.31,533.04,514.8,0,,
2024-09-10,522.38,523.72,494.58,497.32,375368,400.15,458.81,22.7,458.58,481.13,533.04,533.04,0,,
2024-09-11,500.11,508.13,492.19,495.48,169577,401.1,458.81,22.22,457.71,482.52,533.04,533.04,0,,
2024-09-12,495.53,521.08,495.53,505.74,309337,402.16,458.81,22.46,464.17,483.66,533.04,533.04,0,,
2024-09-13,505.69,513.31,497.87,499.81,108478,403.27,458.81,21.96,460.68,483.74,533.04,533.04,0,,
2024-09-16,514.11,525.81,499.46,520.13,154544,404.54,458.81,22.27,473.57,484.23,533.04,533.04,0,,
2024-09-17,521.08,546.04,508.8,526.32,373597,405.75,458.81,23.34,476.85,484.55,546.04,533.04,0,,
2024-09-18,531.07,533.81,516.64,524.58,162299,406.9,458.81,22.9,476.03,486.42,546.04,546.04,0,,
2024-09-19,529.07,531.22,505.01,512.2,107864,407.96,458.81,23.14,467.88,486.84,546.04,546.04,0,,
2024-09-20,515.39,523.08,512.05,520.23,108130,409.07,458.81,22.27,473.64,488.06,546.04,546.04,0,,
2024-09-23,523.98,531.22,519.09,523.78,150136,410.28,464.24,21.55,478.22,489.73,546.04,546.04,0,,
2024-09-24,524.08,547.04,521.08,536.86,280977,411.63,464.34,21.86,486.48,491.58,547.04,546.04,0,,
2024-09-25,535.96,552.38,521.68,525.08,157537,412.87,473.01,22.49,481.35,493.69,552.38,547.04,0,,
2024-09-26,529.17,529.17,515.09,518.44,94918,414.08,476.25,21.89,478.55,495.67,552.38,552.38,0,,
2024-09-27,522.78,522.78,511.1,514.2,58958,415.24,492.19,21.16,481.61,497.52,552.38,552.38,0,,
2024-09-30,513.0,517.89,499.22,507.11,97262,416.32,492.19,20.98,477.16,498.85,552.38,552.38,0,,
2024-10-01,505.11,519.74,505.11,516.89,48362,417.42,492.19,20.53,483.77,500.46,552.38,552.38,0,,
2024-10-03,505.71,516.49,499.12,501.17,69547,418.45,495.53,20.33,474.88,501.25,552.38,552.38,0,,
2024-10-04,499.87,510.85,481.25,492.48,106528,419.41,481.25,21.0,464.07,501.87,552.38,552.38,0,,
2024-10-07,489.04,496.08,464.18,480.65,231333,420.23,464.18,21.77,450.23,502.19,552.38,552.38,0,,
2024-10-08,480.65,500.67,480.65,495.28,68332,421.13,464.18,21.65,459.75,502.72,552.38,552.38,0,,
2024-10-09,495.28,506.06,489.19,492.28,43643,422.02,464.18,21.31,458.04,502.57,552.38,552.38,0,,
2024-10-10,495.83,506.61,493.68,499.22,57401,423.02,464.18,20.81,462.85,503.0,552.38,552.38,0,,
2024-10-11,502.22,531.91,498.92,522.23,183391,424.22,464.18,21.68,477.11,504.28,552.38,552.38,0,,
2024-10-14,517.14,521.28,504.16,512.7,47690,425.34,464.18,21.42,471.14,505.14,552.38,552.38,0,,
2024-10-15,523.08,526.92,506.26,519.29,131604,426.46,464.18,21.37,475.42,507.01,552.38,552.38,0,,
2024-10-16,519.29,531.81,513.75,522.38,68255,427.64,464.18,21.13,477.57,508.63,552.38,552.38,0,,
2024-10-17,516.19,523.68,509.3,511.95,29362,428.78,464.18,20.65,471.17,509.97,552.38,552.38,0,,
2024-10-18,518.09,522.48,501.32,515.79,42847,429.88,464.18,20.69,473.62,511.27,552.38,552.38,0,,
2024-10-21,520.09,523.08,498.92,500.92,67523,430.89,464.18,20.93,463.86,511.05,552.38,552.38,0,,
2024-10-22,504.66,504.66,470.17,473.72,120441,431.77,464.18,21.9,445.67,509.47,552.38,552.38,0,,
2024-10-23,476.61,488.24,470.42,482.75,83135,432.76,464.18,21.61,451.69,508.99,552.38,552.38,0,,
2024-10-24,475.46,494.13,475.46,486.99,29967,433.72,464.18,21.4,454.57,508.71,531.91,552.38,0,,
2024-10-25,492.13,499.12,464.18,471.57,80929,434.56,464.18,22.37,443.98,507.57,531.91,531.91,0,,
2024-10-28,479.36,484.15,471.67,480.55,41651,435.36,464.18,21.67,450.24,506.92,531.91,531.91,0,,
2024-10-29,481.15,509.1,479.71,491.09,174892,436.21,464.18,22.22,456.67,505.96,531.91,531.91,0,,
2024-10-30,504.11,507.11,475.16,477.46,152516,436.97,464.18,22.91,447.41,504.33,531.91,531.91,0,,
2024-10-31,483.75,485.35,462.89,471.97,93186,437.7,462.89,22.88,443.46,502.57,531.91,531.91,0,,
2024-11-01,473.97,491.93,473.12,478.36,30886,438.43,462.89,22.67,447.72,501.45,531.91,531.91,0,,
2024-11-04,480.16,483.15,467.68,471.77,80604,439.1,462.89,22.16,443.82,499.83,531.91,531.91,0,,
2024-11-05,472.17,507.11,471.17,502.67,141288,439.96,462.89,23.14,463.09,499.13,531.91,531.91,0,,
2024-11-06,502.67,552.93,499.12,546.09,681659,441.06,462.89,25.33,489.64,499.44,552.93,531.91,1,546.09,489.64
2024-11-07,549.03,567.0,534.06,539.5,552594,442.05,462.89,25.88,485.02,499.92,567.0,552.93,0,,
2024-11-08,539.3,563.76,532.76,541.8,249810,443.11,462.89,26.24,486.26,500.69,567.0,567.0,0,,
2024-11-11,541.1,562.91,524.38,530.67,331564,444.09,462.89,27.12,478.5,501.24,567.0,567.0,0,,
2024-11-12,530.07,560.96,525.63,535.51,352123,445.02,462.89,27.71,481.23,502.19,567.0,567.0,0,,
2024-11-13,536.96,544.94,514.1,517.39,214670,445.72,462.89,27.93,469.39,502.21,567.0,567.0,0,,
2024-11-14,514.1,533.06,514.1,527.52,79958,446.57,462.89,27.29,476.35,503.08,567.0,567.0,0,,
2024-11-18,532.51,549.03,519.09,545.49,116233,447.61,462.89,27.48,487.82,504.85,567.0,567.0,0,,
2024-11-19,553.43,578.38,544.19,548.98,295404,448.65,462.89,27.96,489.75,507.13,578.38,567.0,0,,
2024-11-21,554.03,554.97,522.03,526.32,228045,449.55,462.89,28.31,474.9,508.16,578.38,578.38,0,,
2024-11-22,532.51,535.06,522.58,532.56,167110,450.54,462.89,27.18,479.68,509.51,578.38,578.38,0,,
2024-11-25,549.03,549.03,523.68,527.27,224442,451.46,467.68,27.05,477.95,510.44,578.38,578.38,0,,
2024-11-26,519.09,543.79,519.09,524.83,241708,452.35,467.68,26.88,476.49,510.53,578.38,578.38,0,,
2024-11-27,526.07,526.07,519.59,522.13,47474,453.23,471.17,25.43,476.88,510.84,578.38,578.38,0,,
2024-11-28,523.63,531.76,514.59,522.13,75470,454.13,499.12,24.84,486.59,510.94,578.38,578.38,0,,
2024-11-29,522.38,528.77,515.09,518.49,102743,455.08,514.1,24.04,489.77,510.81,578.38,578.38,0,,
2024-12-02,521.73,550.43,519.09,533.86,209658,456.11,514.1,24.6,499.3,511.54,578.38,578.38,0,,
2024-12-03,543.74,543.74,527.27,529.92,113687,457.04,514.1,24.02,497.15,512.01,578.38,578.38,0,,
2024-12-04,529.92,530.17,504.06,506.76,289788,457.86,504.06,24.17,478.77,512.2,578.38,578.38,0,,
2024-12-05,511.35,511.35,495.73,500.02,190712,458.61,495.73,23.56,472.05,513.08,578.38,578.38,0,,
2024-12-06,507.11,507.11,496.08,498.72,100216,459.35,495.73,22.67,471.81,513.61,578.38,578.38,0,,
2024-12-09,499.12,504.11,494.13,498.17,74616,460.15,494.13,21.76,471.52,513.99,578.38,578.38,0,,
2024-12-10,504.76,508.8,498.52,502.62,106930,461.04,494.13,20.97,474.92,515.02,578.38,578.38,0,,
2024-12-11,512.05,517.74,496.18,498.02,244179,461.83,494.13,21.01,471.93,515.6,578.38,578.38,0,,
2024-12-12,498.32,503.76,492.83,499.42,108150,462.63,492.83,20.29,472.88,515.88,578.38,578.38,0,,
2024-12-13,498.62,505.86,492.13,501.27,92086,463.45,492.13,19.82,474.15,516.67,578.38,578.38,0,,
2024-12-16,499.12,512.0,491.14,503.86,525952,464.29,491.14,19.89,475.44,517.74,578.38,578.38,0,,
2024-12-17,524.08,551.83,513.15,543.04,1227355,465.38,491.14,21.9,499.37,519.89,578.38,578.38,0,,
2024-12-18,546.04,582.97,541.05,572.44,1256963,466.74,491.14,23.33,517.38,523.25,582.97,578.38,0,,
2024-12-19,564.01,601.94,559.02,579.43,1447724,468.13,491.14,24.73,520.96,525.81,601.94,582.97,0,,
2024-12-20,589.26,589.26,558.67,563.26,472816,469.46,491.14,25.15,510.25,526.38,601.94,601.94,0,,
2024-12-23,567.0,575.14,555.17,561.96,253754,470.79,491.14,24.78,509.66,527.13,601.94,601.94,0,,
2024-12-24,564.66,568.3,549.03,552.03,123290,472.06,491.14,24.38,503.52,527.47,601.94,601.94,0,,
2024-12-26,554.67,564.46,541.1,551.93,324608,473.27,491.14,24.31,503.5,528.18,601.94,601.94,0,,
2024-12-27,553.98,561.41,547.04,550.78,202723,474.42,491.14,23.6,503.23,528.69,601.94,601.94,0,,
2024-12-30,558.67,584.37,552.03,555.02,440914,475.61,491.14,24.31,505.49,529.94,601.94,601.94,0,,
2024-12-31,558.02,572.04,550.08,563.71,136795,476.87,491.14,24.15,511.21,531.15,601.94,601.94,0,,
2025-01-01,563.71,583.42,563.66,576.44,203224,478.19,491.14,23.83,519.63,532.18,601.94,601.94,0,,
2025-01-02,580.48,587.77,575.24,585.42,323506,479.62,491.14,23.03,525.96,533.39,601.94,601.94,0,,
2025-01-03,586.47,607.13,575.69,597.9,327453,481.11,491.14,23.63,533.61,535.78,607.13,601.94,0,,
2025-01-06,611.03,611.07,569.65,573.69,271856,482.45,491.14,24.9,517.15,537.15,611.07,607.13,0,,
2025-01-07,578.63,610.78,578.63,606.08,389818,483.95,513.15,25.77,544.79,539.78,611.07,611.07,0,,
2025-01-08,617.91,622.9,589.46,598.0,279052,485.37,541.05,26.32,548.52,542.22,622.9,611.07,0,,
2025-01-09,597.45,598.25,579.18,581.58,102140,486.87,541.1,25.8,538.29,544.2,622.9,622.9,0,,
2025-01-10,581.08,583.57,559.52,570.5,198481,488.23,541.1,25.67,531.22,545.81,622.9,622.9,0,,
2025-01-13,563.01,582.97,554.27,569.2,194730,489.55,541.1,25.89,530.24,547.5,622.9,622.9,0,,
2025-01-14,572.84,592.51,564.01,580.38,134689,490.86,541.1,26.08,537.33,549.05,622.9,622.9,0,,
2025-01-15,579.98,588.36,567.6,586.02,124786,492.2,541.1,25.7,541.22,550.92,622.9,622.9,0,,
2025-01-16,588.96,599.05,577.93,590.51,190240,493.64,547.04,25.37,546.31,553.71,622.9,622.9,0,,
2025-01-17,584.97,605.78,582.67,595.0,267152,495.05,550.08,25.21,550.33,556.88,622.9,622.9,0,,
2025-01-20,584.97,606.93,584.97,596.75,306241,496.43,550.08,24.98,551.61,560.15,622.9,622.9,0,,
2025-01-21,595.85,598.95,576.94,580.43,101938,497.69,554.27,24.76,542.62,562.89,622.9,622.9,0,,
2025-01-22,580.43,587.87,551.43,557.77,209887,498.8,551.43,25.6,526.51,564.73,622.9,622.9,0,,
2025-01-23,555.02,593.96,555.02,590.36,336699,500.09,551.43,26.55,546.89,567.81,622.9,622.9,0,,
2025-01-24,590.36,597.45,570.35,581.83,155912,501.14,551.43,26.59,541.36,570.55,622.9,622.9,0,,
2025-01-27,573.99,589.46,564.51,569.55,511630,502.12,551.43,26.47,533.52,572.83,622.9,622.9,0,,
2025-01-28,572.99,581.38,533.06,571.94,285875,503.18,533.06,28.03,527.9,575.1,622.9,622.9,0,,
2025-01-29,571.99,629.09,566.8,629.09,890510,504.67,533.06,30.48,563.13,577.97,629.09,622.9,1,629.09,563.13
2025-01-30,691.98,691.98,691.98,691.98,394949,506.51,533.06,32.8,602.15,581.95,691.98,629.09,0,,
2025-01-31,716.74,757.47,676.71,749.13,3793474,508.86,533.06,36.22,636.73,587.61,757.47,691.98,0,,
2025-02-01,749.18,772.64,739.05,755.47,918259,511.22,533.06,36.03,640.94,594.02,772.64,757.47,0,,
2025-02-03,756.67,792.41,753.72,764.95,826363,513.54,533.06,36.22,646.93,600.78,792.41,772.64,0,,
2025-02-04,770.59,803.19,770.59,803.19,810410,516.15,533.06,36.37,671.5,609.15,803.19,792.41,1,803.19,671.5
2025-02-05,817.56,827.34,784.37,822.4,724142,518.91,533.06,36.84,683.58,618.17,827.34,803.19,0,,
2025-02-06,818.56,840.42,803.64,829.69,402610,521.63,533.06,36.83,688.28,627.47,840.42,827.34,0,,
2025-02-07,832.54,843.32,799.99,820.31,428269,524.25,533.06,37.3,681.92,636.31,843.32,840.42,0,,
2025-02-10,820.31,832.98,782.62,809.28,534746,526.77,533.06,38.23,674.18,644.49,843.32,843.32,0,,
2025-02-11,814.57,821.26,776.93,791.86,1005835,529.16,533.06,38.67,662.66,651.68,843.32,843.32,0,,
2025-02-12,795.55,823.55,758.67,799.89,716315,531.67,533.06,40.54,666.59,658.82,843.32,843.32,0,,
2025-02-13,799.59,808.38,759.91,759.91,393455,533.95,533.06,41.11,640.42,664.22,843.32,843.32,0,,
2025-02-14,729.72,758.02,721.93,721.93,569784,535.94,533.06,40.88,616.08,669.17,843.32,843.32,0,,
2025-02-17,758.02,758.02,723.78,752.98,865067,538.18,566.8,40.54,647.58,674.06,843.32,843.32,0,,
2025-02-18,755.67,781.62,728.92,750.58,427754,540.42,676.71,41.41,682.09,679.15,843.32,843.32,0,,
2025-02-19,753.57,788.06,753.57,786.87,805197,542.92,676.71,41.13,705.68,685.99,843.32,843.32,0,,
2025-02-20,772.64,794.15,763.76,777.58,508245,545.41,721.93,40.36,715.27,692.89,843.32,843.32,0,,
2025-02-21,783.62,783.62,738.7,748.23,329546,547.62,721.93,40.69,696.13,698.86,843.32,843.32,0,,
2025-02-24,748.23,777.38,731.86,759.71,336070,549.76,721.93,41.03,703.3,704.84,843.32,843.32,0,,
2025-02-25,777.58,797.7,768.65,796.25,393548,552.15,721.93,40.81,727.01,711.85,843.32,843.32,0,,
2025-02-27,798.55,825.25,765.25,786.87,244648,554.43,721.93,42.19,720.05,718.39,843.32,843.32,0,,
2025-02-28,786.62,786.62,747.53,752.68,290150,556.48,721.93,41.98,698.13,723.65,843.32,843.32,0,,
2025-03-03,790.31,790.31,751.23,769.35,536727,558.66,721.93,41.77,709.02,729.4,843.32,843.32,0,,
2025-03-04,788.61,797.6,773.69,786.07,573150,560.87,721.93,40.81,720.45,736.26,843.32,843.32,0,,
2025-03-05,795.1,815.57,790.86,803.54,544040,563.08,721.93,40.0,732.26,744.45,843.32,843.32,0,,
2025-03-06,810.57,814.57,775.24,796.15,339547,565.08,721.93,39.95,727.52,751.31,843.32,843.32,0,,
2025-03-07,794.6,835.93,763.71,835.93,672220,567.28,721.93,42.26,751.65,759.78,843.32,843.32,0,,
2025-03-10,869.47,869.47,820.11,828.89,548640,569.36,723.78,42.77,747.38,768.42,869.47,843.32,0,,
2025-03-11,828.24,840.57,806.28,817.96,361615,571.69,728.92,42.16,742.45,776.62,869.47,869.47,0,,
2025-03-12,819.56,844.91,811.57,836.43,317409,573.94,731.86,41.53,755.76,783.54,869.47,869.47,0,,
2025-03-13,846.46,849.46,828.54,841.27,300491,576.32,731.86,40.06,759.87,788.51,869.47,869.47,0,,
2025-03-17,856.44,883.3,849.51,883.3,407205,579.05,731.86,40.2,786.88,792.98,883.3,869.47,1,883.3,786.88
2025-03-18,883.3,883.3,883.3,883.3,0,581.73,731.86,37.33,788.8,797.24,883.3,883.3,0,,
2025-03-19,926.82,953.77,898.27,909.25,398780,584.72,747.53,39.69,809.18,802.06,953.77,883.3,1,909.25,809.18
2025-03-20,922.33,936.35,899.97,924.12,276998,587.82,747.53,39.46,818.93,806.09,953.77,953.77,0,,
2025-03-21,933.81,966.6,888.59,905.36,547808,590.79,747.53,42.21,804.99,808.85,966.6,953.77,0,,
2025-03-24,909.35,921.13,888.44,902.31,311038,593.69,751.23,41.53,804.71,811.27,966.6,966.6,0,,
2025-03-25,903.31,909.2,868.57,878.45,368384,596.43,763.71,41.47,793.53,813.21,966.6,966.6,0,,
2025-03-26,887.19,890.48,845.41,852.95,231355,598.93,763.71,41.72,776.91,814.67,966.6,966.6,0,,
2025-03-27,848.51,888.44,846.56,882.3,336321,601.65,763.71,41.74,795.83,817.68,966.6,966.6,0,,
2025-03-28,902.41,902.41,873.26,883.3,188307,604.4,763.71,40.84,797.07,820.46,966.6,966.6,0,,
2025-04-01,840.72,861.93,839.12,839.12,209222,606.8,806.28,41.08,782.61,823.1,966.6,966.6,0,,
2025-04-02,797.2,797.2,797.2,797.2,41209,608.8,797.2,41.14,752.5,825.61,966.6,966.6,0,,
2025-04-03,763.66,819.56,757.37,763.06,1076917,610.65,757.37,42.64,716.2,825.95,966.6,966.6,0,,
2025-04-04,786.62,786.62,724.92,724.92,536009,612.25,724.92,44.0,679.88,825.09,966.6,966.6,0,,
2025-04-07,652.45,687.74,652.45,654.55,872729,613.37,652.45,46.03,608.98,820.68,966.6,966.6,0,,
2025-04-08,678.76,718.44,677.81,693.33,572045,614.91,652.45,47.31,633.14,817.87,966.6,966.6,0,,
2025-04-09,688.79,689.14,624.0,624.95,1302604,615.91,624.0,48.88,578.5,813.76,966.6,966.6,0,,
2025-04-11,677.81,687.44,653.85,682.35,956169,617.32,624.0,49.85,614.88,811.18,966.6,966.6,0,,
2025-04-15,708.35,750.58,680.85,735.16,1168431,619.04,624.0,51.27,648.0,809.15,966.6,966.6,0,,
2025-04-16,737.4,751.08,723.73,746.04,459043,620.63,624.0,49.57,656.15,807.79,966.6,966.6,0,,
2025-04-17,746.04,769.65,720.73,760.86,359237,622.23,624.0,49.52,665.74,808.06,966.6,966.6,0,,
2025-04-21,760.06,765.55,726.72,741.1,402855,623.85,624.0,48.76,653.51,807.12,966.6,966.6,0,,
2025-04-22,734.71,770.59,729.02,749.18,323819,625.55,624.0,48.24,659.06,805.89,966.6,966.6,0,,
2025-04-23,751.38,757.67,728.92,743.89,243896,627.13,624.0,46.85,656.58,803.9,966.6,966.6,0,,
2025-04-24,743.69,784.02,730.51,763.11,618078,628.89,624.0,47.33,668.66,802.8,921.13,966.6,0,,
2025-04-25,763.11,767.7,711.55,721.78,506457,630.23,624.0,47.96,641.58,798.99,909.2,921.13,0,,
2025-04-28,708.75,730.71,703.76,709.85,231979,631.46,624.0,46.46,634.88,795.02,902.41,909.2,0,,
2025-04-29,719.68,723.18,678.81,684.2,346532,632.52,624.0,46.31,618.44,790.57,902.41,902.41,0,,
2025-04-30,696.77,728.82,681.3,709.9,654607,633.84,624.0,46.39,634.96,786.35,902.41,902.41,0,,
2025-05-02,704.91,725.67,692.98,716.39,204900,635.15,624.0,45.41,639.8,782.19,861.93,902.41,0,,
2025-05-05,748.98,755.72,728.02,740.7,763503,636.59,624.0,44.98,655.76,777.43,819.56,861.93,0,,
2025-05-06,739.75,745.89,707.56,714.24,341539,637.77,653.85,44.51,648.96,771.8,819.56,819.56,0,,
2025-05-07,698.77,740.2,690.83,736.85,298351,639.19,678.81,44.85,671.64,766.05,786.62,819.56,0,,
2025-05-08,732.71,747.68,718.74,722.03,159696,640.54,678.81,43.72,662.84,759.31,784.02,786.62,0,,
2025-05-09,705.76,728.12,700.87,724.38,120036,641.94,678.81,42.54,665.14,753.28,784.02,784.02,0,,
2025-05-12,736.65,762.66,728.72,733.36,402173,643.45,678.81,42.24,671.13,747.65,784.02,784.02,0,,
2025-05-13,742.69,777.13,739.7,767.65,400826,645.12,678.81,42.35,693.17,743.96,784.02,784.02,0,,
2025-05-14,778.63,817.21,749.83,768.8,1808376,646.91,678.81,44.13,692.72,741.15,817.21,784.02,0,,
2025-05-15,787.61,843.32,783.72,837.23,2820653,649.21,678.81,46.3,735.41,739.65,843.32,817.21,1,837.23,735.41
2025-05-16,843.52,849.85,812.87,822.25,611433,651.48,678.81,45.64,726.2,737.61,849.85,843.32,0,,
2025-05-19,823.5,847.31,813.57,817.31,554650,653.63,678.81,44.79,723.58,736.89,849.85,849.85,0,,
2025-05-20,822.8,827.54,788.61,792.71,347771,655.63,678.81,44.37,707.99,736.74,849.85,849.85,0,,
2025-05-21,795.5,812.32,778.63,788.01,354663,657.56,681.3,43.61,706.3,737.57,849.85,849.85,0,,
2025-05-22,786.52,801.89,773.74,792.95,282391,659.36,690.83,42.5,713.39,739.84,849.85,849.85,0,,
2025-05-23,787.91,808.88,778.43,798.89,262088,661.27,690.83,41.64,717.8,744.65,849.85,849.85,0,,
2025-05-26,798.94,831.14,794.7,809.33,476553,663.21,690.83,41.27,724.78,748.52,849.85,849.85,0,,
2025-05-27,809.58,847.31,801.89,839.42,489203,665.32,690.83,41.57,743.99,755.66,849.85,849.85,0,,
2025-05-28,842.52,886.44,836.58,876.76,790004,667.75,700.87,42.16,771.03,762.14,886.44,849.85,1,876.76,771.03
2025-05-29,878.35,897.42,871.67,886.09,520958,670.22,700.87,40.99,777.83,767.18,897.42,886.44,0,,
2025-05-30,886.89,908.3,879.1,903.21,305372,672.9,728.72,40.15,798.71,772.41,908.3,897.42,1,903.21,798.71
2025-06-02,898.42,922.38,883.45,916.79,399700,675.86,739.7,40.06,811.19,777.61,922.38,908.3,0,,
2025-06-03,916.09,922.88,877.16,885.39,479848,678.54,749.83,40.46,794.04,782.42,922.88,922.38,0,,
2025-06-04,888.44,911.35,887.59,906.51,259748,681.34,773.74,39.43,816.33,787.67,922.88,922.88,0,,
2025-06-05,908.35,923.38,898.42,922.03,218175,684.34,773.74,38.39,827.03,793.6,923.38,922.88,0,,
2025-06-06,922.58,930.66,893.43,899.17,226884,687.13,773.74,38.31,812.34,798.14,930.66,923.38,0,,
2025-06-09,898.17,908.4,864.83,876.86,316503,689.7,773.74,38.69,797.7,803.31,930.66,930.66,0,,
2025-06-10,883.99,911.6,880.75,905.81,342328,692.56,773.74,38.4,816.56,809.84,930.66,930.66,0,,
2025-06-11,911.4,966.05,905.16,957.96,866495,695.8,773.74,40.01,849.12,818.97,966.05,930.66,1,957.96,849.12
2025-06-12,968.3,984.27,940.35,962.51,706070,699.03,778.43,40.29,853.44,827.39,984.27,966.05,0,,
2025-06-13,956.07,980.13,941.19,952.08,387810,702.23,794.7,40.19,852.2,835.24,984.27,984.27,0,,
2025-06-16,948.33,963.01,924.67,936.9,231380,705.12,801.89,40.06,844.89,841.78,984.27,984.27,0,,
2025-06-17,936.9,952.22,905.46,909.15,208577,707.54,836.58,40.54,838.24,848.28,984.27,984.27,0,,
2025-06-18,907.4,917.89,877.96,882.45,363222,709.83,864.83,40.5,830.46,853.13,984.27,984.27,0,,
2025-06-19,882.75,892.43,846.01,854.6,467795,711.92,846.01,40.92,805.94,857.55,984.27,984.27,0,,
2025-06-20,853.4,876.96,848.61,863.78,176928,714.14,846.01,40.02,812.46,862.2,984.27,984.27,0,,
2025-06-23,862.48,866.03,848.61,854.75,196110,716.26,846.01,38.41,807.71,866.24,984.27,984.27,0,,
2025-06-24,859.49,887.19,859.49,865.43,255160,718.58,846.01,37.98,814.89,869.5,984.27,984.27,0,,
2025-06-25,873.46,887.54,866.48,879.1,178660,720.93,846.01,36.85,824.46,873.18,984.27,984.27,0,,
2025-06-26,888.44,892.13,851.6,868.12,210639,723.08,846.01,37.11,817.2,874.21,984.27,984.27,0,,
2025-06-27,870.47,879.8,859.94,863.48,111707,725.18,846.01,35.88,815.03,875.58,984.27,984.27,0,,
2025-06-30,863.48,885.44,848.51,876.21,327784,727.51,846.01,35.95,823.19,877.55,984.27,984.27,0,,
2025-07-01,878.35,880.2,834.88,842.07,348707,729.57,834.88,36.62,797.01,879.19,984.27,984.27,0,,
2025-07-02,846.56,848.51,827.34,836.18,229576,731.63,827.34,35.52,791.44,880.8,984.27,984.27,0,,
2025-07-03,842.52,870.62,835.63,867.22,279867,733.91,827.34,35.48,811.48,883.28,984.27,984.27,0,,
2025-07-04,867.22,903.41,853.4,895.67,436882,736.4,827.34,36.52,829.14,886.5,984.27,984.27,0,,
2025-07-07,908.4,921.38,878.65,897.02,435684,738.9,827.34,36.96,829.72,889.42,984.27,984.27,0,,
2025-07-08,897.42,908.4,862.48,875.51,247271,741.28,827.34,37.6,815.42,890.63,984.27,984.27,0,,
2025-07-09,877.01,918.38,869.57,910.25,464374,743.79,827.34,38.4,837.29,891.74,984.27,984.27,0,,
2025-07-10,917.44,920.23,901.36,915.54,199215,746.36,827.34,37.01,841.63,892.72,980.13,984.27,0,,
2025-07-11,918.13,942.34,904.41,906.85,365103,749.03,827.34,37.07,835.98,892.85,963.01,980.13,0,,
2025-07-14,898.92,960.66,885.64,952.08,690898,752.04,827.34,39.78,863.35,894.02,960.66,963.01,0,,
2025-07-15,963.11,972.54,953.37,959.41,348023,755.12,827.34,38.4,869.0,896.49,972.54,960.66,0,,
2025-07-16,968.1,987.26,949.33,955.67,456169,758.17,827.34,38.37,866.61,898.13,987.26,972.54,0,,
2025-07-17,957.32,988.26,950.93,969.0,436183,761.27,827.34,38.3,875.25,899.69,988.26,987.26,0,,
2025-07-18,979.68,1013.22,959.46,1008.43,923505,764.68,827.34,39.4,899.95,903.34,1013.22,988.26,1,1008.43,899.95
2025-07-21,1024.05,1026.0,991.26,1005.03,628269,768.05,827.34,39.07,897.98,907.61,1026.0,1013.22,0,,
2025-07-22,1013.22,1020.21,904.56,904.56,2108131,770.74,827.34,44.54,829.53,907.57,1026.0,1026.0,0,,
2025-07-23,860.49,879.85,814.12,815.27,4368177,772.81,814.12,47.82,765.35,902.81,1026.0,1026.0,0,,
2025-07-24,814.57,848.51,791.71,810.62,3391984,774.6,791.71,48.46,754.45,897.75,1026.0,1026.0,0,,
2025-07-25,815.07,816.16,783.72,787.86,758070,776.03,783.72,47.31,737.87,892.27,1026.0,1026.0,0,,
2025-07-28,786.62,805.48,753.77,793.9,1566005,777.46,753.77,47.63,731.57,887.51,1026.0,1026.0,0,,
2025-07-29,802.59,809.73,784.37,802.54,513051,779.06,753.77,46.04,738.2,883.95,1026.0,1026.0,0,,
2025-07-30,783.97,802.39,778.23,794.95,821425,780.61,753.77,44.49,734.34,881.04,1026.0,1026.0,0,,
2025-07-31,780.63,813.47,779.63,804.53,603289,782.29,753.77,43.72,741.03,879.37,1026.0,1026.0,0,,
2025-08-01,806.58,823.55,788.81,794.9,655774,783.91,753.77,43.08,735.25,877.07,1026.0,1026.0,0,,
2025-08-04,802.59,803.59,783.62,785.82,331509,785.48,753.77,41.43,730.49,874.77,1026.0,1026.0,0,,
2025-08-05,787.56,798.6,775.84,790.11,264226,787.05,753.77,40.1,734.15,872.26,1026.0,1026.0,0,,
2025-08-06,783.62,795.45,753.77,759.31,456609,788.35,753.77,40.21,714.2,868.27,1026.0,1026.0,0,,
2025-08-07,758.67,796.6,743.69,777.63,497545,789.69,743.69,41.12,722.06,865.25,1026.0,1026.0,0,,
2025-08-08,788.51,812.57,780.48,803.69,553382,791.15,743.69,40.68,739.16,863.26,1026.0,1026.0,0,,
2025-08-11,792.66,803.59,776.68,798.69,398623,792.49,743.69,39.7,736.58,860.68,1026.0,1026.0,0,,
2025-08-12,795.6,795.6,759.16,775.29,699938,793.83,743.69,39.69,721.5,858.45,1026.0,1026.0,0,,
2025-08-13,777.63,803.09,769.65,790.36,618077,795.06,743.69,39.24,731.52,856.92,1026.0,1026.0,0,,
2025-08-14,788.61,800.64,780.63,787.41,242771,796.32,743.69,37.87,730.53,854.26,1026.0,1026.0,0,,
2025-08-18,790.56,790.61,777.63,779.78,263222,797.64,743.69,36.09,726.79,850.4,1026.0,1026.0,0,,
2025-08-19,779.78,787.22,776.63,780.23,173213,799.04,743.69,34.27,728.3,846.51,1020.21,1026.0,0,,
2025-08-20,787.61,787.61,773.64,775.39,156186,800.42,743.69,32.82,726.14,843.17,879.85,1020.21,0,,
2025-08-21,782.32,782.32,767.65,769.35,220626,801.68,743.69,31.52,723.11,838.47,848.51,879.85,0,,
2025-08-22,769.35,782.62,764.36,773.99,242237,802.93,743.69,30.58,726.74,833.75,823.55,848.51,0,,
2025-08-25,744.24,760.11,735.31,735.31,558033,803.9,735.31,31.15,698.61,828.04,823.55,823.55,0,,
2025-08-26,711.8,722.73,702.01,706.16,1014582,804.64,702.01,31.31,668.6,819.84,823.55,823.55,0,,
2025-08-28,704.26,711.9,682.8,684.75,769371,805.22,682.8,31.15,648.5,810.68,823.55,823.55,0,,
2025-08-29,684.7,690.24,658.79,666.68,651184,805.8,658.79,31.17,628.82,801.05,823.55,823.55,0,,
2025-09-01,666.73,673.76,645.36,650.61,760980,806.42,645.36,30.97,614.11,790.44,823.55,823.55,0,,
2025-09-02,650.61,683.1,646.91,683.1,1017556,807.04,645.36,31.35,634.82,779.59,812.57,823.55,0,,
2025-09-03,693.78,708.75,679.3,704.36,703524,807.85,645.36,31.21,648.63,769.57,812.57,812.57,0,,
2025-09-04,722.73,722.73,704.76,707.11,498979,808.77,645.36,30.29,651.01,762.99,812.57,812.57,0,,
2025-09-05,705.81,742.44,704.31,742.44,351617,809.91,645.36,30.85,673.42,760.56,812.57,812.57,0,,
2025-09-08,742.44,758.17,721.73,723.43,706673,810.53,645.36,31.25,660.9,757.66,812.57,812.57,0,,
2025-09-09,723.43,743.09,723.43,729.47,355504,810.78,645.36,30.42,665.35,755.71,803.59,812.57,0,,
2025-09-10,707.85,721.43,693.78,697.52,1747946,810.44,645.36,30.8,644.49,752.5,803.09,803.59,0,,
2025-09-11,686.49,689.64,680.1,681.65,2281932,809.95,645.36,29.84,634.89,748.47,803.09,803.09,0,,
2025-09-12,684.3,715.69,683.8,715.69,2391468,809.62,645.36,30.14,656.64,745.83,800.64,803.09,0,,
2025-09-15,715.29,719.73,704.76,712.6,816188,809.02,645.36,29.06,655.37,742.76,790.61,800.64,0,,
2025-09-16,712.75,715.74,702.76,713.79,592344,808.29,645.36,27.91,656.91,740.06,787.61,790.61,0,,
2025-09-17,713.79,713.89,695.58,697.12,1010581,807.41,645.36,27.23,646.61,737.1,787.61,787.61,0,,
2025-09-18,701.72,703.76,680.3,682.1,646404,806.49,645.36,26.96,637.1,733.5,782.62,787.61,0,,
2025-09-19,686.35,691.7,671.85,679.45,1117985,805.62,645.36,26.45,635.73,730.84,782.62,782.62,0,,
2025-09-22,680.0,691.85,666.65,668.85,458102,804.8,646.91,26.36,629.47,727.21,760.11,782.62,0,,
2025-09-23,672.95,684.65,671.2,680.9,525867,804.01,666.65,25.61,644.33,723.12,758.17,760.11,0,,
2025-09-24,680.9,683.15,665.0,672.5,413609,803.43,665.0,25.07,638.71,718.91,758.17,758.17,0,,
2025-09-25,670.0,672.95,659.8,664.85,307029,803.04,659.8,24.22,632.61,715.23,758.17,758.17,0,,
2025-09-26,654.4,656.2,633.35,645.9,775612,802.33,633.35,24.74,611.23,710.42,758.17,758.17,0,,
2025-09-29,646.95,647.8,630.45,640.05,778920,801.59,630.45,24.21,606.84,705.5,758.17,758.17,0,,
2025-09-30,644.95,651.0,628.4,630.15,368526,800.55,628.4,24.1,599.85,700.52,758.17,758.17,0,,
2025-10-01,638.7,661.65,630.15,661.65,407436,799.78,628.4,24.63,619.81,696.56,758.17,758.17,0,,
2025-10-03,684.0,684.0,662.0,663.35,560493,799.21,628.4,24.46,621.02,692.83,758.17,758.17,0,,
2025-10-06,668.85,684.0,659.45,682.35,495197,798.69,628.4,24.47,633.27,689.93,758.17,758.17,0,,
2025-10-07,683.0,686.8,661.5,673.95,424768,797.88,628.4,24.53,627.81,686.59,743.09,758.17,0,,
2025-10-08,673.95,682.0,660.0,663.55,246064,797.06,628.4,24.35,621.22,684.2,721.43,743.09,0,,
2025-10-09,670.0,671.7,651.0,653.5,316321,796.4,628.4,24.09,614.92,682.45,719.73,721.43,0,,
2025-10-10,656.9,692.9,650.95,677.8,916315,795.79,628.4,25.36,629.74,682.22,719.73,719.73,0,,
2025-10-13,671.0,684.9,657.5,663.85,512519,794.97,628.4,25.51,620.64,682.12,719.73,719.73,0,,
2025-10-14,664.4,666.05,654.1,657.1,267004,793.99,628.4,24.54,616.94,682.34,715.74,719.73,0,,
2025-10-15,657.05,670.45,655.0,661.85,179505,793.1,628.4,23.89,620.43,681.63,713.89,715.74,0,,
2025-10-16,665.0,679.95,661.1,671.5,281673,792.0,628.4,23.53,626.9,680.53,703.76,713.89,0,,
2025-10-17,670.0,674.8,652.0,653.3,283631,790.83,628.4,23.48,615.19,678.74,692.9,703.76,0,,
2025-10-20,665.0,665.0,650.6,661.15,244508,789.79,628.4,22.83,620.69,676.03,692.9,692.9,0,,
2025-10-21,665.0,668.0,660.2,662.8,74584,788.63,628.4,21.76,622.47,674.01,692.9,692.9,0,,
2025-10-23,671.0,673.35,648.0,651.0,293180,787.36,630.15,22.01,615.27,671.39,692.9,692.9,0,,
2025-10-24,658.65,658.65,643.05,644.7,213743,785.77,643.05,21.56,615.81,669.63,692.9,692.9,0,,
2025-10-27,650.0,650.0,632.4,635.3,215958,784.12,632.4,21.27,606.39,668.09,692.9,692.9,0,,
2025-10-28,641.9,648.0,636.0,638.8,267666,782.31,632.4,20.66,609.05,665.53,692.9,692.9,0,,
2025-10-29,638.8,654.7,636.8,651.65,214462,780.5,632.4,20.46,617.47,663.49,692.9,692.9,0,,
2025-10-30,654.0,657.7,643.8,647.35,162010,778.78,632.4,19.99,615.01,661.28,692.9,692.9,0,,
2025-10-31,647.35,661.5,640.1,656.4,212671,777.14,632.4,20.1,620.78,659.92,692.9,692.9,0,,
2025-11-03,661.0,678.4,656.35,674.05,520676,775.78,632.4,20.23,632.07,659.65,692.9,692.9,0,,
2025-11-04,680.0,688.5,606.65,606.65,2738354,774.13,606.65,24.64,577.08,657.23,692.9,692.9,0,,
2025-11-06,585.05,610.75,556.1,561.65,2567694,772.0,556.1,26.78,529.78,653.65,692.9,692.9,0,,
2025-11-07,567.0,609.5,543.7,598.15,1934229,770.09,543.7,29.57,547.33,650.9,692.9,692.9,0,,
2025-11-10,599.0,599.85,583.45,589.85,487448,768.43,543.7,28.63,542.6,648.14,692.9,692.9,0,,
2025-11-11,591.15,594.35,575.0,579.3,446599,766.98,543.7,27.96,536.24,645.29,688.5,692.9,0,,
2025-11-12,580.9,596.0,580.2,581.1,325207,765.77,543.7,27.16,537.94,643.13,688.5,688.5,0,,
2025-11-13,584.0,589.2,576.0,581.05,220934,764.81,543.7,26.16,538.57,641.16,688.5,688.5,0,,
2025-11-14,580.0,580.0,562.2,576.0,386348,764.28,543.7,25.64,535.66,639.36,688.5,688.5,0,,
2025-11-17,579.2,586.45,577.0,581.45,251064,763.54,543.7,24.55,539.9,636.68,688.5,688.5,0,,
2025-11-18,578.65,582.2,570.1,571.3,142018,763.18,543.7,23.67,533.95,633.62,688.5,688.5,0,,
2025-11-19,571.0,574.9,565.0,567.85,203444,762.42,543.7,22.68,532.38,629.8,688.5,688.5,0,,
2025-11-20,568.0,583.9,567.7,578.0,252767,761.37,543.7,22.22,539.23,626.6,688.5,688.5,0,,
2025-11-21,574.65,577.25,552.8,555.25,413766,760.1,543.7,22.43,524.41,622.99,688.5,688.5,0,,
2025-11-24,555.25,559.0,539.25,543.95,1297230,758.65,539.25,22.24,515.77,619.34,688.5,688.5,0,,
2025-11-25,544.0,577.0,538.0,564.4,1008140,757.47,538.0,23.44,527.75,615.56,688.5,688.5,0,,
2025-11-26,563.05,573.6,558.25,570.65,184726,756.28,538.0,22.86,532.16,612.45,688.5,688.5,0,,
2025-11-27,571.85,576.95,568.6,574.95,153360,755.16,538.0,21.82,535.63,609.71,688.5,688.5,0,,
2025-11-28,574.0,586.95,570.0,578.45,287313,753.93,538.0,21.48,538.12,606.93,688.5,688.5,0,,
2025-12-01,578.4,581.05,563.9,566.35,202537,752.89,538.0,21.17,530.52,603.43,688.5,688.5,0,,
2025-12-02,566.0,573.6,559.8,569.9,181064,751.96,538.0,20.64,533.16,600.65,688.5,688.5,0,,
2025-12-03,569.9,574.35,564.2,569.4,137665,751.19,538.0,19.89,533.34,597.59,610.75,688.5,0,,
2025-12-04,570.0,577.5,552.0,554.8,261844,750.16,538.0,20.29,523.65,593.99,609.5,610.75,0,,
2025-12-05,552.05,557.7,541.1,544.6,181910,749.01,538.0,20.03,517.25,590.44,599.85,609.5,0,,
2025-12-08,544.65,558.75,532.25,548.8,247012,747.73,532.25,20.49,517.73,587.25,596.0,599.85,0,,
2025-12-09,544.9,554.95,533.25,547.5,286990,746.62,532.25,20.58,516.84,584.32,596.0,596.0,0,,
2025-12-10,547.05,552.3,534.95,538.0,226421,745.3,532.25,20.35,510.86,580.96,589.2,596.0,0,,
2025-12-11,540.9,557.95,537.3,554.05,223932,744.18,532.25,20.37,521.2,577.71,586.95,589.2,0,,
2025-12-12,556.0,565.6,550.5,558.55,168508,743.07,532.25,19.99,524.35,574.75,586.95,586.95,0,,
2025-12-15,558.55,558.55,543.0,548.15,247038,741.84,532.25,19.67,517.86,571.14,586.95,586.95,0,,
2025-12-16,548.15,556.0,540.35,542.0,131848,740.33,532.25,19.39,514.08,566.74,586.95,586.95,0,,
2025-12-17,541.0,542.95,529.45,531.1,152159,738.75,529.45,18.97,506.4,564.22,586.95,586.95,0,,
2025-12-18,529.85,529.85,512.4,524.0,325914,736.66,512.4,18.95,496.15,562.96,586.95,586.95,0,,
2025-12-19,525.0,540.05,515.2,531.3,486869,734.72,512.4,19.37,500.58,560.74,586.95,586.95,0,,
2025-12-22,534.95,572.5,528.6,553.95,1125719,732.96,512.4,21.12,514.02,559.54,586.95,586.95,0,,
2025-12-23,554.0,561.0,546.1,549.55,235379,731.34,512.4,20.68,511.48,558.55,586.95,586.95,0,,
2025-12-24,554.0,555.0,536.0,538.5,150329,729.68,512.4,20.56,504.43,557.13,586.95,586.95,0,,
2025-12-26,538.5,539.65,528.0,529.1,155802,727.92,512.4,19.92,498.79,555.4,586.95,586.95,0,,
2025-12-29,528.0,532.8,518.7,520.65,176056,726.06,512.4,19.51,493.62,553.55,581.05,586.95,0,,
2025-12-30,518.8,523.45,517.0,519.8,132306,724.13,512.4,18.57,493.69,551.5,577.5,581.05,0,,
2025-12-31,519.8,532.0,518.1,530.2,175653,722.07,512.4,18.24,500.62,550.12,577.5,577.5,0,,
2026-01-01,532.0,532.0,525.1,529.0,82242,719.75,512.4,17.43,500.39,548.83,577.5,577.5,0,,
2026-01-02,525.55,537.3,525.55,531.1,151578,717.39,512.4,17.02,502.01,547.27,572.5,577.5,0,,
2026-01-05,528.5,534.95,521.05,524.75,192536,714.87,512.4,16.8,498.06,546.25,572.5,572.5,0,,
2026-01-06,530.5,541.15,522.0,526.2,249763,712.26,512.4,16.97,498.89,545.66,572.5,572.5,0,,
2026-01-07,526.5,533.25,521.6,526.85,188527,709.87,512.4,16.59,499.56,544.41,572.5,572.5,0,,
2026-01-08,534.0,534.0,511.05,512.65,189674,707.25,511.05,17.04,489.65,542.47,572.5,572.5,0,,
2026-01-09,512.65,512.65,497.0,500.2,313575,704.43,497.0,16.94,477.0,539.98,572.5,572.5,0,,
2026-01-12,500.5,511.5,490.45,509.55,491297,701.84,490.45,17.24,480.65,537.68,572.5,572.5,0,,
2026-01-13,515.4,515.4,497.2,499.4,227077,699.32,490.45,17.31,474.06,535.45,572.5,572.5,0,,
2026-01-14,499.4,503.6,488.65,490.6,181105,696.55,488.65,17.14,467.9,532.81,572.5,572.5,0,,
2026-01-15,490.6,490.6,490.6,490.6,0,693.44,488.65,15.91,468.71,530.18,572.5,572.5,0,,
2026-01-16,491.0,494.9,482.0,483.75,212790,690.24,482.0,15.7,462.22,527.81,572.5,572.5,0,,
2026-01-19,479.0,486.9,475.05,479.8,334854,687.1,475.05,15.42,457.54,525.66,572.5,572.5,0,,
2026-01-20,484.0,484.0,457.5,459.75,525344,683.91,457.5,16.21,438.23,522.69,561.0,572.5,0,,
2026-01-21,456.4,462.9,441.0,443.15,423935,680.81,441.0,16.62,421.75,519.21,555.0,561.0,0,,
2026-01-22,448.95,458.2,447.35,453.55,140870,677.95,441.0,16.51,428.53,516.39,541.15,555.0,0,,
2026-01-23,457.5,457.5,423.0,432.45,348855,675.13,423.0,17.79,408.07,512.34,541.15,541.15,0,,
2026-01-27,432.05,432.45,416.0,419.85,519822,672.17,416.0,17.7,397.67,507.72,541.15,541.15,0,,
2026-01-28,415.0,430.95,413.0,416.15,473254,669.25,413.0,17.72,394.27,503.32,541.15,541.15,0,,
2026-01-29,419.05,437.2,414.4,419.15,415346,666.28,413.0,18.08,395.97,499.22,541.15,541.15,0,,
2026-01-30,420.0,424.0,411.1,417.75,394161,663.2,411.1,17.71,394.68,495.44,541.15,541.15,0,,
